{
    
    "boxFriction":0.5,
    "boxRestitution":0.7,
    "clicks": 2,
    "box":  {
        "0": {
            "name": "box0",
            "size": { "x" : 1,    "y" : 1,    "z" : 1   },
           "color": "rgb(153,255,255)", 
            "transparency": "true", 
            "opacity": "0.85",
            "boxMass": 3,
            "position":{ "x" : -1,    "y" : 0.5,  "z" : 0   }
        },
        "1": {
            "name": "box1",
            "size": { "x" : 1,    "y" : 1,    "z" : 1   },
           "color": "rgb(153,255,255)", 
            "transparency": "true", 
            "opacity": "0.85",
            "boxMass": 3,
            "position":{ "x" : -0.25,    "y" : 1.5,  "z" : 0   }
        },
        "2": {
            "name": "box2",
            "size": { "x" : 1,    "y" : 1,    "z" : 1   },
            "color": "rgb(0, 0, 255)", 
            "transparency": "true", 
            "opacity": "0.85",
            "boxMass": 3,
            "position":{ "x" : -1.75,    "y" : 1.5,  "z" : 0   }
        },
        "3": {
            "name": "box3",
            "size": { "x" : 1,    "y" : 1,    "z" : 1   },
           "color": "rgb(153,255,255)", 
            "transparency": "true", 
            "opacity": "0.85",
            "boxMass": 3,
            "position":{ "x" : -1,    "y" : 2.5,  "z" : 0   }
        },
        "4": {
            "name": "box4",
            "size": { "x" : 1,    "y" : 1,    "z" : 1   },
            "color": "rgb(0, 0, 255)", 
            "transparency": "true", 
            "opacity": "0.85",
            "boxMass": 3,
            "position":{ "x" : 0.5,    "y" : 2.5,  "z" : 0   }
        },
        "5": {
            "name": "box5",
            "size": { "x" : 1,    "y" : 1,    "z" : 1   },
           "color": "rgb(153,255,255)", 
            "transparency": "true", 
            "opacity": "0.85",
            "boxMass": 3,
            "position":{ "x" : -2.5,    "y" : 2.5,  "z" : 0   }
        },
        "6": {
            "name": "box6",
            "size": { "x" : 1,    "y" : 1,    "z" : 1   },
            "color": "rgb(0, 0, 255)", 
            "transparency": "true", 
            "opacity": "0.85",
            "boxMass": 3,
            "position":{ "x" : -0.25,    "y" : 3.5,  "z" : 0   }
        },
        "7": {
            "name": "yellowBox",
            "size": { "x" : 3,    "y" : 3,    "z" : 3   },
            "color": "rgb(255,255,0)", 
            "transparency": "true", 
            "opacity": "0.85",
            "boxMass": 5,
            "position":{ "x" : -1,    "y" : 6.5,  "z" : 0   }
        },
        "8": {
            "name": "box8",
            "size": { "x" : 1,    "y" : 1,    "z" : 1   },
            "color": "rgb(0, 0, 255)", 
            "transparency": "true", 
            "opacity": "0.85",
            "boxMass": 3,
            "position":{ "x" : -1.75,    "y" : 3.5,  "z" : 0   }
        },
        "9": {
            "name": "box9",
            "size": { "x" : 1,    "y" : 1,    "z" : 1   },
            "color": "rgb(0, 0, 255)", 
            "transparency": "true", 
            "opacity": "0.85",
            "boxMass": 3,
            "position":{ "x" : -1,    "y" : 4.5,  "z" : 0   }
        },
        "10": {
            "name": "box10",
            "size": { "x" : 1,    "y" : 1,    "z" : 1   },
            "color": "rgb(0, 0, 255)", 
            "transparency": "true", 
            "opacity": "0.85",
            "boxMass": 3,
            "position":{ "x" : 1,    "y" : 1.5,  "z" : 0   }
        },
        "11": {
            "name": "box11",
            "size": { "x" : 1,    "y" : 1,    "z" : 1   },
            "color": "rgb(0, 0, 255)", 
            "transparency": "true", 
            "opacity": "0.85",
            "boxMass": 3,
            "position":{ "x" : 1.25,    "y" : 0.5,  "z" : 0   }
        },
        "12": {
            "name": "box12",
            "size": { "x" : 1,    "y" : 1,    "z" : 1   },
           "color": "rgb(153,255,255)", 
            "transparency": "true", 
            "opacity": "0.85",
            "boxMass": 3,
            "position":{ "x" : -3,    "y" : 1.5,  "z" : 0   }
        },
        "13": {
            "name": "box13",
            "size": { "x" : 1,    "y" : 1,    "z" : 1   },
           "color": "rgb(153,255,255)", 
            "transparency": "true", 
            "opacity": "0.85",
            "boxMass": 3,
            "position":{ "x" : -3.25,    "y" : 0.5,  "z" : 0   }
        },
        "14": {
            "name": "box14",
            "size": { "x" : 1,    "y" : 1,    "z" : 1   },
            "color": "rgb(0, 0, 255)", 
            "transparency": "true", 
            "opacity": "0.85",
            "boxMass": 3,
            "position":{ "x" : 0.25,    "y" : 0.5,  "z" : 0   }
        },
        "15": {
            "name": "box15",
            "size": { "x" : 1,    "y" : 1,    "z" : 1   },
            "color": "rgb(0, 0, 255)", 
            "transparency": "true", 
            "opacity": "0.85",
            "boxMass": 3,
            "position":{ "x" : -2.25,    "y" : 0.5,  "z" : 0   }
        },
        "16": {
            "name": "pinkBox",
            "size": { "x" : 3,    "y" : 3,    "z" : 3   },
            "color": "rgb(204,0,102)", 
            "transparency": "true", 
            "opacity": "0.85",
            "boxMass": 5,
            "position":{ "x" : 7,    "y" : 1.5,  "z" : 0   }
        }
    }
}